Airline,Source,Destination,Duration,Total_Stops,Additional_Info,Price
IndiGo,Banglore,New Delhi,2h 50m,non-stop,No info,3897
Air India,Kolkata,Banglore,7h 25m,2 stops,No info,7662
Air India Express,Delhi,Cochin,19h,2 stops,No info,13882
IndiGo,Kolkata,Banglore,5h 25m,1 stop,No info,6218
IndiGo,Banglore,New Delhi,4h 45m,1 stop,No info,13302
SpiceJet,Kolkata,Banglore,2h 25m,non-stop,No info,3873
Air India Express,Banglore,New Delhi,15h 30m,1 stop,In-flight meal not included,11087
Air India Express,Banglore,New Delhi,21h 5m,1 stop,No info,22270
Air India Express,Banglore,New Delhi,25h 30m,1 stop,In-flight meal not included,11087
Multiple carriers,Delhi,Cochin,7h 50m,1 stop,No info,8625
Air India,Delhi,Cochin,13h 15m,1 stop,No info,8907
IndiGo,Kolkata,Banglore,2h 35m,non-stop,No info,4174
Air India,Chennai,Kolkata,2h 15m,non-stop,No info,4667
Air India Express,Kolkata,Banglore,12h 10m,1 stop,In-flight meal not included,9663
IndiGo,Kolkata,Banglore,2h 35m,non-stop,No info,4804
Air India,Delhi,Cochin,26h 35m,2 stops,No info,14011
SpiceJet,Delhi,Cochin,4h 30m,1 stop,No info,5830
Air India Express,Delhi,Cochin,22h 35m,1 stop,In-flight meal not included,10262
Air India,Delhi,Cochin,23h,2 stops,No info,13381
Air India Express,Delhi,Cochin,20h 35m,1 stop,In-flight meal not included,12898
GoAir,Delhi,Cochin,5h 10m,1 stop,No info,19495
Air India,Banglore,New Delhi,15h 20m,1 stop,No info,6955
IndiGo,Banglore,Delhi,2h 50m,non-stop,No info,3943
IndiGo,Banglore,Delhi,2h 55m,non-stop,No info,4823
Air India Express,Kolkata,Banglore,13h 20m,1 stop,In-flight meal not included,7757
Air India Express,Delhi,Cochin,15h 10m,2 stops,No info,13292
IndiGo,Delhi,Cochin,5h 45m,1 stop,No info,8238
GoAir,Delhi,Cochin,5h 55m,1 stop,No info,7682
Vistara,Banglore,Delhi,2h 50m,non-stop,No info,4668
Vistara,Chennai,Kolkata,2h 15m,non-stop,No info,3687
Vistara,Chennai,Kolkata,2h 15m,non-stop,No info,3687
Air India,Kolkata,Banglore,13h 25m,2 stops,No info,13227
IndiGo,Banglore,Delhi,2h 50m,non-stop,No info,4423
Air India Express,Delhi,Cochin,22h,2 stops,In-flight meal not included,10919
Air India Express,Delhi,Cochin,5h 30m,1 stop,In-flight meal not included,12373
IndiGo,Delhi,Cochin,10h 25m,1 stop,No info,5894
SpiceJet,Kolkata,Banglore,5h 15m,1 stop,No info,4649
Air India,Kolkata,Banglore,2h 30m,non-stop,No info,6245
Air India Express,Banglore,New Delhi,6h 15m,1 stop,No info,19225
Air India Express,Delhi,Cochin,11h 55m,1 stop,No info,14924
Multiple carriers,Delhi,Cochin,11h 5m,1 stop,No info,9646
Air India,Banglore,New Delhi,8h 30m,1 stop,No info,8714
Air India Express,Delhi,Cochin,22h 5m,1 stop,In-flight meal not included,12373
Air Asia,Banglore,Delhi,2h 45m,non-stop,No info,3383
Multiple carriers,Delhi,Cochin,12h,1 stop,No info,13062
SpiceJet,Banglore,New Delhi,2h 50m,non-stop,No check-in baggage included,3527
IndiGo,Banglore,Delhi,2h 50m,non-stop,No info,3943
Air India,Chennai,Kolkata,2h 15m,non-stop,No info,4667
Air India,Kolkata,Banglore,16h 5m,1 stop,No info,6117
Air India Express,Delhi,Cochin,19h 55m,2 stops,In-flight meal not included,11150
Air India Express,Delhi,Cochin,3h 15m,non-stop,In-flight meal not included,7202
Air India Express,Kolkata,Banglore,25h 20m,1 stop,No info,12121
IndiGo,Banglore,New Delhi,2h 50m,non-stop,No info,4377
IndiGo,Banglore,Delhi,3h,non-stop,No info,3943
Air Asia,Banglore,Delhi,2h 50m,non-stop,No info,4483
Air India Express,Kolkata,Banglore,16h 15m,1 stop,No info,14231
Air India,Banglore,New Delhi,15h 5m,2 stops,No info,17345
Vistara,Chennai,Kolkata,2h 15m,non-stop,No info,7414
Multiple carriers,Delhi,Cochin,6h 30m,1 stop,No info,8073
Vistara,Mumbai,Hyderabad,25h 5m,1 stop,No info,12395
Air India,Kolkata,Banglore,12h 25m,1 stop,No info,8366
Air India,Delhi,Cochin,27h 20m,1 stop,No info,5117
Multiple carriers,Delhi,Cochin,10h 15m,1 stop,No info,12524
IndiGo,Delhi,Cochin,10h 30m,1 stop,No info,7191
Vistara,Chennai,Kolkata,2h 15m,non-stop,No info,3687
IndiGo,Delhi,Cochin,10h 25m,1 stop,No info,5894
Vistara,Banglore,Delhi,2h 50m,non-stop,No info,5403
Air India,Mumbai,Hyderabad,1h 30m,non-stop,No info,3625
Air India,Delhi,Cochin,13h 20m,2 stops,No info,10861
IndiGo,Chennai,Kolkata,2h 15m,non-stop,No info,6297
Air India Express,Mumbai,Hyderabad,1h 25m,non-stop,No info,5678
Air India Express,Banglore,New Delhi,26h 30m,1 stop,In-flight meal not included,9134
Multiple carriers,Delhi,Cochin,7h 20m,1 stop,In-flight meal not included,10791
Air India Express,Delhi,Cochin,13h 30m,2 stops,No info,12819
IndiGo,Delhi,Cochin,5h,1 stop,No info,6893
Vistara,Banglore,New Delhi,2h 45m,non-stop,No info,7240
GoAir,Banglore,Delhi,2h 50m,non-stop,No info,3898
IndiGo,Mumbai,Hyderabad,1h 30m,non-stop,No info,4049
Air India Express,Delhi,Cochin,19h 5m,1 stop,In-flight meal not included,10262
SpiceJet,Chennai,Kolkata,2h 15m,non-stop,No check-in baggage included,3332
Air India Express,Kolkata,Banglore,14h 50m,1 stop,In-flight meal not included,10844
Air India Express,Banglore,New Delhi,2h 40m,non-stop,No info,7229
Air India Express,Kolkata,Banglore,22h 10m,1 stop,No info,13941
IndiGo,Delhi,Cochin,9h 35m,1 stop,No info,5894
Multiple carriers,Delhi,Cochin,10h,1 stop,No info,10197
Air India Express,Banglore,New Delhi,21h 20m,1 stop,In-flight meal not included,13712
IndiGo,Delhi,Cochin,5h 25m,1 stop,No info,5636
Air India Express,Delhi,Cochin,18h 45m,2 stops,No info,13014
Air India Express,Kolkata,Banglore,12h 20m,1 stop,In-flight meal not included,7064
Air India Express,Kolkata,Banglore,18h,1 stop,In-flight meal not included,10703
Multiple carriers,Delhi,Cochin,9h 15m,1 stop,No info,9646
Multiple carriers,Delhi,Cochin,11h 5m,1 stop,No info,17057
Air India Express,Banglore,New Delhi,17h 30m,1 stop,No info,13817
Air India,Delhi,Cochin,13h 20m,2 stops,No info,13748
Air India,Kolkata,Banglore,2h 35m,non-stop,No info,4880
IndiGo,Chennai,Kolkata,2h 25m,non-stop,No info,3540
SpiceJet,Banglore,Delhi,2h 40m,non-stop,No check-in baggage included,3257
Air India Express,Banglore,Delhi,3h,non-stop,In-flight meal not included,6478
Air India Express,Mumbai,Hyderabad,1h 25m,non-stop,No info,8040
Air India Express,Delhi,Cochin,16h 35m,2 stops,No info,14300
Air India Express,Kolkata,Banglore,12h 20m,1 stop,No info,14781
Air India Express,Kolkata,Banglore,12h 15m,1 stop,No info,14939
Air India Express,Delhi,Cochin,7h 30m,1 stop,In-flight meal not included,10262
Air India,Kolkata,Banglore,24h,1 stop,No info,6528
Air India,Banglore,Delhi,2h 45m,non-stop,No info,6121
Air India Express,Delhi,Cochin,8h 55m,2 stops,In-flight meal not included,13029
Multiple carriers,Delhi,Cochin,7h 10m,1 stop,No info,11421
Multiple carriers,Delhi,Cochin,14h 30m,1 stop,No info,7574
Air India,Delhi,Cochin,30h 20m,2 stops,No info,11596
Air India Express,Delhi,Cochin,19h 55m,2 stops,No info,15129
Air India Express,Banglore,New Delhi,15h,1 stop,No info,13555
IndiGo,Banglore,Delhi,2h 55m,non-stop,No info,5780
Vistara,Kolkata,Banglore,12h 45m,1 stop,No info,9397
Air India Express,Delhi,Cochin,10h 10m,1 stop,No info,17024
GoAir,Delhi,Cochin,5h 55m,1 stop,No info,5281
Multiple carriers,Delhi,Cochin,15h 25m,1 stop,No info,10348
Air India,Delhi,Cochin,16h 5m,1 stop,No info,12677
Multiple carriers,Delhi,Cochin,10h 10m,1 stop,No info,15147
Vistara,Banglore,Delhi,2h 40m,non-stop,No info,4668
Air India Express,Delhi,Cochin,11h 55m,1 stop,No info,15554
SpiceJet,Banglore,Delhi,2h 40m,non-stop,No info,3971
Air India,Mumbai,Hyderabad,1h 25m,non-stop,No info,3100
Air India Express,Kolkata,Banglore,14h 5m,1 stop,In-flight meal not included,9663
Air India,Delhi,Cochin,20h 15m,1 stop,No info,27430
IndiGo,Chennai,Kolkata,2h 25m,non-stop,No info,3540
Air India,Kolkata,Banglore,23h 10m,2 stops,No info,10676
Air India Express,Kolkata,Banglore,18h 10m,1 stop,No info,13044
Air India Express,Kolkata,Banglore,16h,1 stop,No info,14388
IndiGo,Banglore,Delhi,2h 50m,non-stop,No info,3943
IndiGo,Chennai,Kolkata,2h 20m,non-stop,No info,3597
Air India,Banglore,New Delhi,8h,1 stop,No info,5932
Air India Express,Delhi,Cochin,16h 55m,1 stop,In-flight meal not included,10262
Vistara,Delhi,Cochin,3h 10m,non-stop,No info,6216
IndiGo,Kolkata,Banglore,2h 45m,non-stop,No info,4804
Multiple carriers,Delhi,Cochin,14h,1 stop,No info,14067
Air India Express,Delhi,Cochin,23h 50m,2 stops,No info,15129
Air India Express,Delhi,Cochin,21h 40m,2 stops,No info,13376
Air India,Delhi,Cochin,21h 15m,2 stops,No info,10441
Air India Express,Banglore,Delhi,2h 45m,non-stop,In-flight meal not included,4030
Air India Express,Delhi,Cochin,10h 50m,1 stop,No info,17024
Multiple carriers,Delhi,Cochin,8h,1 stop,No info,13017
GoAir,Kolkata,Banglore,8h 15m,1 stop,No info,6686
IndiGo,Delhi,Cochin,5h 25m,1 stop,No info,5636
IndiGo,Delhi,Cochin,8h 35m,1 stop,No info,6442
Multiple carriers,Delhi,Cochin,11h 50m,1 stop,No info,9486
Air India Express,Kolkata,Banglore,27h 35m,1 stop,In-flight meal not included,10844
Air India Express,Delhi,Cochin,8h 25m,2 stops,In-flight meal not included,15318
Air India,Delhi,Cochin,20h 55m,1 stop,No info,5117
IndiGo,Delhi,Cochin,4h 50m,1 stop,No info,6147
Multiple carriers,Delhi,Cochin,8h 10m,1 stop,No info,7005
SpiceJet,Kolkata,Banglore,2h 20m,non-stop,No info,3873
Air India Express,Delhi,Cochin,24h 25m,2 stops,In-flight meal not included,9270
GoAir,Banglore,Delhi,2h 50m,non-stop,No info,3898
Air India Express,Kolkata,Banglore,12h 20m,1 stop,No info,14781
Air India Express,Kolkata,Banglore,12h 15m,1 stop,In-flight meal not included,8586
Air India,Kolkata,Banglore,23h 35m,2 stops,No info,10697
Air India Express,Delhi,Cochin,16h 35m,2 stops,No info,14300
IndiGo,Banglore,New Delhi,2h 50m,non-stop,No info,8855
Air India Express,Kolkata,Banglore,25h 45m,1 stop,In-flight meal not included,10844
Air India Express,Delhi,Cochin,26h 10m,1 stop,No info,17024
Air India Express,Kolkata,Banglore,28h 50m,1 stop,In-flight meal not included,9314
IndiGo,Banglore,New Delhi,2h 45m,non-stop,No info,4777
Air India,Kolkata,Banglore,25h 15m,1 stop,No info,7662
IndiGo,Delhi,Cochin,9h 20m,1 stop,No info,6442
SpiceJet,Delhi,Cochin,4h 30m,1 stop,No info,5264
Air India Express,Delhi,Cochin,15h 25m,1 stop,In-flight meal not included,12898
Air India,Mumbai,Hyderabad,1h 30m,non-stop,No info,6092
SpiceJet,Banglore,Delhi,2h 40m,non-stop,No info,3311
Air India Express,Delhi,Cochin,9h 10m,1 stop,In-flight meal not included,6540
IndiGo,Banglore,Delhi,2h 45m,non-stop,No info,3419
Air India Express,Delhi,Cochin,22h 35m,1 stop,In-flight meal not included,5177
Air India,Delhi,Cochin,3h 5m,non-stop,No info,8246
Air India Express,Kolkata,Banglore,11h 30m,1 stop,No info,14676
Multiple carriers,Delhi,Cochin,9h 30m,1 stop,No info,13587
Air India Express,Kolkata,Banglore,12h 10m,1 stop,In-flight meal not included,9663
Air India Express,Kolkata,Banglore,17h 35m,1 stop,No info,13044
IndiGo,Delhi,Cochin,5h 5m,1 stop,No info,5073
Vistara,Kolkata,Banglore,25h 50m,1 stop,No info,9345
Air India Express,Kolkata,Banglore,20h,1 stop,In-flight meal not included,9663
Multiple carriers,Delhi,Cochin,13h,1 stop,No info,14277
Air India Express,Delhi,Cochin,18h 25m,1 stop,In-flight meal not included,10262
Air India Express,Mumbai,Hyderabad,1h 30m,non-stop,No info,5678
Multiple carriers,Delhi,Cochin,9h 30m,1 stop,No info,13727
Air India Express,Kolkata,Banglore,16h,1 stop,In-flight meal not included,9663
IndiGo,Chennai,Kolkata,2h 20m,non-stop,No info,3858
SpiceJet,Delhi,Cochin,4h 30m,1 stop,No info,4812
IndiGo,Delhi,Cochin,5h 45m,1 stop,No info,5775
Air India Express,Kolkata,Banglore,24h 10m,1 stop,In-flight meal not included,10539
IndiGo,Kolkata,Banglore,2h 35m,non-stop,No info,4804
Air Asia,Banglore,Delhi,2h 45m,non-stop,No info,3383
IndiGo,Banglore,New Delhi,4h 55m,1 stop,No info,8738
Air India,Delhi,Cochin,25h 35m,1 stop,No info,7165
IndiGo,Delhi,Cochin,6h 20m,1 stop,No info,6412
Air India Express,Banglore,Delhi,3h 5m,non-stop,No info,8016
Air India Express,Banglore,New Delhi,18h 40m,1 stop,In-flight meal not included,11087
SpiceJet,Chennai,Kolkata,2h 15m,non-stop,No check-in baggage included,3543
Air India Express,Kolkata,Banglore,12h 10m,1 stop,No info,12471
Air India Express,Delhi,Cochin,19h 25m,1 stop,In-flight meal not included,10262
Air India,Banglore,New Delhi,2h 50m,non-stop,No info,4441
Multiple carriers,Delhi,Cochin,8h 25m,1 stop,No info,12537
GoAir,Kolkata,Banglore,9h 15m,1 stop,No info,10091
Air India,Banglore,Delhi,2h 50m,non-stop,No info,6961
IndiGo,Delhi,Cochin,3h 15m,non-stop,No info,5013
Air India,Delhi,Cochin,2h 50m,non-stop,No info,6934
Multiple carriers,Delhi,Cochin,12h 20m,1 stop,No info,10877
Air India Express,Banglore,Delhi,2h 55m,non-stop,No info,7229
IndiGo,Delhi,Cochin,9h 35m,1 stop,No info,7048
Vistara,Banglore,Delhi,2h 35m,non-stop,No info,4878
Air India Express,Kolkata,Banglore,9h 30m,1 stop,In-flight meal not included,10844
Air India Express,Delhi,Cochin,29h 20m,2 stops,No info,15129
IndiGo,Banglore,Delhi,2h 55m,non-stop,No info,3943
SpiceJet,Delhi,Cochin,5h 15m,1 stop,No info,5583
Multiple carriers,Delhi,Cochin,9h 5m,1 stop,No info,9646
Multiple carriers,Delhi,Cochin,10h 45m,1 stop,No info,7677
IndiGo,Delhi,Cochin,4h 55m,1 stop,No info,6842
Air India Express,Mumbai,Hyderabad,1h 30m,non-stop,In-flight meal not included,4995
Vistara,Kolkata,Banglore,11h 40m,1 stop,No info,9555
IndiGo,Banglore,Delhi,2h 45m,non-stop,No info,4077
Air India Express,Banglore,Delhi,2h 55m,non-stop,No info,7229
Multiple carriers,Delhi,Cochin,10h,1 stop,No info,12192
Air India,Banglore,Delhi,2h 45m,non-stop,No info,5911
Air India,Delhi,Cochin,10h 15m,1 stop,No info,8372
Air India Express,Mumbai,Hyderabad,1h 25m,non-stop,In-flight meal not included,4995
Multiple carriers,Delhi,Cochin,9h 15m,1 stop,No info,14323
Air India Express,Delhi,Cochin,22h 55m,2 stops,No info,13014
Air India,Delhi,Cochin,28h 50m,2 stops,No info,13591
Air India Express,Delhi,Cochin,37h 25m,2 stops,No info,18799
IndiGo,Banglore,Delhi,2h 50m,non-stop,No info,3943
SpiceJet,Mumbai,Hyderabad,1h 30m,non-stop,No check-in baggage included,1965
Air India Express,Mumbai,Hyderabad,1h 30m,non-stop,In-flight meal not included,4995
Air India,Kolkata,Banglore,25h 40m,1 stop,No info,14641
Air India,Kolkata,Banglore,2h 35m,non-stop,No info,4460
Air India,Delhi,Cochin,6h 15m,1 stop,No info,10191
Air India Express,Delhi,Cochin,17h 30m,1 stop,In-flight meal not included,13843
IndiGo,Delhi,Cochin,5h 45m,1 stop,No info,6349
Air Asia,Kolkata,Banglore,2h 35m,non-stop,No info,4409
Air India Express,Delhi,Cochin,25h 30m,1 stop,No info,17024
Multiple carriers,Delhi,Cochin,13h 55m,1 stop,No info,13727
IndiGo,Banglore,New Delhi,2h 55m,non-stop,No info,8855
Multiple carriers,Delhi,Cochin,10h 15m,1 stop,No info,12524
Air India Express,Banglore,New Delhi,8h 40m,1 stop,No info,13555
Air India Express,Kolkata,Banglore,5h 30m,1 stop,In-flight meal not included,10844
Multiple carriers,Delhi,Cochin,12h,1 stop,No info,13587
SpiceJet,Chennai,Kolkata,2h 15m,non-stop,No check-in baggage included,3543
Vistara,Chennai,Kolkata,2h 15m,non-stop,No info,4842
IndiGo,Banglore,Delhi,2h 50m,non-stop,No info,3943
Air India Express,Delhi,Cochin,9h 10m,1 stop,In-flight meal not included,10577
IndiGo,Delhi,Cochin,10h 25m,1 stop,No info,6979
Vistara,Chennai,Kolkata,2h 20m,non-stop,No info,11982
SpiceJet,Delhi,Cochin,4h 30m,1 stop,No info,5264
Vistara,Delhi,Cochin,3h 10m,non-stop,No info,8001
Air India,Delhi,Cochin,23h 30m,2 stops,No info,10651
Air India Express,Kolkata,Banglore,27h 20m,1 stop,In-flight meal not included,10844
Multiple carriers,Delhi,Cochin,12h 35m,1 stop,No info,6601
Air India,Delhi,Cochin,24h 15m,1 stop,No info,6587
SpiceJet,Mumbai,Hyderabad,1h 20m,non-stop,No info,3173
Air India,Banglore,Delhi,2h 45m,non-stop,No info,5228
Air India Express,Banglore,Delhi,3h,non-stop,In-flight meal not included,5769
Air India Express,Delhi,Cochin,11h,1 stop,No info,14714
Air India Express,Delhi,Cochin,13h 30m,2 stops,No info,13014
IndiGo,Banglore,Delhi,2h 50m,non-stop,No info,3359
GoAir,Banglore,New Delhi,2h 55m,non-stop,No info,6722
IndiGo,Kolkata,Banglore,2h 45m,non-stop,No info,4462
IndiGo,Delhi,Cochin,11h 15m,1 stop,No info,6171
Air India,Kolkata,Banglore,14h 35m,2 stops,No info,12303
Multiple carriers,Delhi,Cochin,13h 55m,1 stop,No info,7695
IndiGo,Delhi,Cochin,14h 5m,1 stop,No info,5684
Air India,Kolkata,Banglore,15h 5m,1 stop,No info,8366
Air India,Chennai,Kolkata,2h 15m,non-stop,No info,19630
Air India Express,Banglore,New Delhi,15h,1 stop,In-flight meal not included,13502
Air India Express,Kolkata,Banglore,12h 55m,1 stop,No info,14781
Multiple carriers,Delhi,Cochin,9h,1 stop,No info,6513
Air India,Delhi,Cochin,12h 15m,1 stop,No info,9929
Multiple carriers,Delhi,Cochin,7h 40m,2 stops,No info,18275
Air India,Delhi,Cochin,27h 20m,1 stop,No info,4487
IndiGo,Mumbai,Hyderabad,1h 25m,non-stop,No info,2754
Air India,Mumbai,Hyderabad,1h 20m,non-stop,No info,2575
SpiceJet,Kolkata,Banglore,5h 30m,1 stop,No info,8224
Air India,Delhi,Cochin,11h 45m,1 stop,No info,8991
IndiGo,Delhi,Cochin,3h 15m,non-stop,No info,5000
Air India Express,Kolkata,Banglore,24h 55m,1 stop,In-flight meal not included,8529
Air India,Delhi,Cochin,27h 20m,1 stop,No info,14042
Air India Express,Banglore,Delhi,2h 55m,non-stop,In-flight meal not included,4030
Air India Express,Kolkata,Banglore,17h 5m,1 stop,In-flight meal not included,10844
IndiGo,Kolkata,Banglore,2h 40m,non-stop,No info,4804
Multiple carriers,Delhi,Cochin,8h,1 stop,In-flight meal not included,7308
IndiGo,Banglore,Delhi,3h,non-stop,No info,4823
Air India Express,Delhi,Cochin,27h 35m,1 stop,In-flight meal not included,10262
Air India Express,Delhi,Cochin,7h 30m,1 stop,In-flight meal not included,12898
Air India,Banglore,New Delhi,22h 55m,2 stops,No info,12778
IndiGo,Delhi,Cochin,8h 35m,1 stop,No info,14871
Air India,Delhi,Cochin,29h 55m,2 stops,No info,8708
Air India Express,Kolkata,Banglore,22h 15m,1 stop,In-flight meal not included,10844
SpiceJet,Mumbai,Hyderabad,1h 20m,non-stop,No info,4129
IndiGo,Kolkata,Banglore,2h 40m,non-stop,No info,4804
Air India Express,Banglore,Delhi,3h,non-stop,No info,7229
Air India Express,Banglore,New Delhi,12h 10m,1 stop,In-flight meal not included,7832
SpiceJet,Chennai,Kolkata,2h 35m,non-stop,No info,3859
Multiple carriers,Delhi,Cochin,11h 45m,1 stop,No info,9001
Vistara,Banglore,Delhi,2h 35m,non-stop,No info,4878
IndiGo,Mumbai,Hyderabad,1h 30m,non-stop,No info,2754
Vistara,Banglore,Delhi,2h 40m,non-stop,No info,4668
Air Asia,Kolkata,Banglore,2h 35m,non-stop,No info,5216
Air India Express,Delhi,Cochin,22h 55m,2 stops,In-flight meal not included,10368
IndiGo,Delhi,Cochin,14h 40m,2 stops,No info,8146
Air India Express,Delhi,Cochin,15h 25m,1 stop,No info,12242
Air India Express,Banglore,New Delhi,7h 15m,1 stop,In-flight meal not included,9134
Air India,Delhi,Cochin,20h 10m,2 stops,No info,10939
Air India,Delhi,Cochin,20h 45m,2 stops,No info,11753
SpiceJet,Kolkata,Banglore,2h 30m,non-stop,No info,4174
Air India Express,Kolkata,Banglore,23h 50m,1 stop,In-flight meal not included,10844
Air India Express,Delhi,Cochin,27h,1 stop,No info,14714
Air India Express,Kolkata,Banglore,5h 30m,1 stop,In-flight meal not included,9899
IndiGo,Delhi,Cochin,11h 50m,1 stop,No info,14871
IndiGo,Chennai,Kolkata,2h 15m,non-stop,No info,7295
Air India,Delhi,Cochin,24h 30m,2 stops,No info,13465
SpiceJet,Chennai,Kolkata,2h 20m,non-stop,No check-in baggage included,3543
Multiple carriers,Delhi,Cochin,6h 30m,1 stop,No info,7198
Air India Express,Delhi,Cochin,20h 25m,1 stop,In-flight meal not included,10262
IndiGo,Kolkata,Banglore,2h 35m,non-stop,No info,4148
Air India Express,Banglore,Delhi,2h 55m,non-stop,No info,8016
Air India Express,Delhi,Cochin,5h 35m,1 stop,In-flight meal not included,10262
SpiceJet,Kolkata,Banglore,2h 30m,non-stop,No check-in baggage included,3841
Air India Express,Banglore,New Delhi,14h 45m,1 stop,No info,11507
Air India Express,Kolkata,Banglore,12h 20m,1 stop,No info,14781
Air India Express,Delhi,Cochin,25h 30m,1 stop,No info,16079
Air India Express,Delhi,Cochin,5h 35m,1 stop,In-flight meal not included,12898
Multiple carriers,Delhi,Cochin,11h 45m,1 stop,No info,15353
IndiGo,Banglore,New Delhi,2h 55m,non-stop,No info,7303
SpiceJet,Kolkata,Banglore,5h 40m,1 stop,No info,6197
Air India,Kolkata,Banglore,4h 5m,1 stop,No info,8996
IndiGo,Delhi,Cochin,8h,1 stop,No info,6528
GoAir,Banglore,Delhi,2h 45m,non-stop,No info,4239
IndiGo,Kolkata,Banglore,2h 40m,non-stop,No info,4148
SpiceJet,Banglore,Delhi,2h 55m,non-stop,No info,3971
Air Asia,Kolkata,Banglore,15h 55m,1 stop,No info,5192
Air India Express,Delhi,Cochin,23h 10m,2 stops,No info,9483
Air India Express,Delhi,Cochin,7h 20m,2 stops,No info,18804
Air India,Delhi,Cochin,2h 50m,non-stop,No info,5201
Air India Express,Delhi,Cochin,7h 30m,1 stop,No info,16079
Air India Express,Banglore,Delhi,3h,non-stop,In-flight meal not included,7229
Multiple carriers,Delhi,Cochin,7h 45m,1 stop,No info,6795
Air India Express,Kolkata,Banglore,25h 20m,1 stop,No info,10953
Multiple carriers,Delhi,Cochin,10h 25m,2 stops,No info,15965
Air India,Delhi,Cochin,30h 20m,2 stops,No info,9968
IndiGo,Kolkata,Banglore,2h 35m,non-stop,No info,4804
Air India Express,Delhi,Cochin,9h,1 stop,No info,16079
Air India Express,Delhi,Cochin,15h 10m,2 stops,In-flight meal not included,11507
Air India,Kolkata,Banglore,28h 20m,2 stops,No info,11542
Air India Express,Banglore,Delhi,3h,non-stop,No info,7229
Air India Express,Banglore,Delhi,2h 45m,non-stop,In-flight meal not included,4544
IndiGo,Delhi,Cochin,4h 55m,1 stop,No info,6496
IndiGo,Kolkata,Banglore,2h 40m,non-stop,No info,4804
Air India,Banglore,New Delhi,22h 10m,1 stop,No info,13439
Air India Express,Delhi,Cochin,10h 10m,1 stop,In-flight meal not included,6540
IndiGo,Banglore,Delhi,2h 50m,non-stop,No info,4591
IndiGo,Banglore,New Delhi,4h 20m,1 stop,No info,4437
Air Asia,Delhi,Cochin,11h,1 stop,No info,6151
Air India Express,Banglore,Delhi,3h,non-stop,In-flight meal not included,7754
Air India Express,Delhi,Cochin,22h 35m,1 stop,In-flight meal not included,10262
Air India Express,Banglore,Delhi,3h 5m,non-stop,No info,8016
SpiceJet,Kolkata,Banglore,2h 40m,non-stop,No check-in baggage included,4781
Vistara,Banglore,Delhi,2h 50m,non-stop,No info,4668
Air India,Banglore,New Delhi,21h 5m,1 stop,No info,14594
Air India Express,Kolkata,Banglore,11h 50m,1 stop,No info,14231
Air India,Delhi,Cochin,25h 35m,1 stop,No info,8425
Multiple carriers,Delhi,Cochin,15h 25m,1 stop,No info,9646
IndiGo,Chennai,Kolkata,2h 25m,non-stop,No info,7295
Air Asia,Kolkata,Banglore,3h 40m,1 stop,No info,5162
IndiGo,Banglore,New Delhi,2h 55m,non-stop,No info,6860
Vistara,Delhi,Cochin,3h 10m,non-stop,No info,6216
Air Asia,Kolkata,Banglore,11h 50m,1 stop,No info,5192
IndiGo,Banglore,Delhi,2h 50m,non-stop,No info,4823
SpiceJet,Banglore,Delhi,2h 50m,non-stop,No check-in baggage included,3919
IndiGo,Mumbai,Hyderabad,1h 30m,non-stop,No info,2754
Multiple carriers,Delhi,Cochin,11h 30m,1 stop,No info,9315
Multiple carriers,Delhi,Cochin,8h 50m,1 stop,No info,11667
Air India Express,Kolkata,Banglore,20h 15m,1 stop,In-flight meal not included,6224
Air India,Kolkata,Banglore,20h 10m,2 stops,No info,13349
Air India Express,Banglore,New Delhi,16h 5m,1 stop,In-flight meal not included,11087
Multiple carriers,Delhi,Cochin,12h 35m,1 stop,No info,15603
Air India Express,Delhi,Cochin,17h 5m,2 stops,No info,15129
IndiGo,Banglore,Delhi,3h,non-stop,No info,4823
Vistara,Kolkata,Banglore,15h 30m,1 stop,No info,8452
Multiple carriers,Delhi,Cochin,11h 30m,1 stop,No info,12524
SpiceJet,Chennai,Kolkata,2h 20m,non-stop,No info,3384
Air India Express,Delhi,Cochin,23h 45m,1 stop,In-flight meal not included,10262
SpiceJet,Mumbai,Hyderabad,1h 30m,non-stop,No check-in baggage included,1965
IndiGo,Kolkata,Banglore,2h 35m,non-stop,No info,4804
Air India Express,Delhi,Cochin,24h 45m,1 stop,No info,16079
Air India Express,Delhi,Cochin,21h 35m,2 stops,No info,13292
Air Asia,Delhi,Cochin,5h 30m,1 stop,No info,6751
Air India,Delhi,Cochin,12h 15m,1 stop,No info,8669
IndiGo,Delhi,Cochin,8h 5m,1 stop,No info,14871
Air India Express,Delhi,Cochin,5h,1 stop,In-flight meal not included,12898
SpiceJet,Banglore,Delhi,2h 50m,non-stop,No check-in baggage included,3919
Multiple carriers,Delhi,Cochin,6h 25m,1 stop,No info,36983
IndiGo,Chennai,Kolkata,2h 20m,non-stop,No info,3597
Air India,Banglore,New Delhi,2h 45m,non-stop,No info,10741
Air India,Kolkata,Banglore,12h 45m,2 stops,No info,11432
Air India Express,Banglore,New Delhi,15h 50m,1 stop,In-flight meal not included,11087
Air India Express,Delhi,Cochin,27h,2 stops,No info,13292
Air India,Delhi,Cochin,26h 25m,3 stops,No info,10493
GoAir,Banglore,New Delhi,2h 55m,non-stop,No info,7631
Air India,Delhi,Cochin,24h 50m,2 stops,No info,13381
Air India Express,Kolkata,Banglore,8h 40m,1 stop,No info,13731
Air India,Delhi,Cochin,25h 45m,2 stops,No info,11911
IndiGo,Banglore,Delhi,2h 50m,non-stop,No info,4591
Multiple carriers,Delhi,Cochin,6h 15m,1 stop,No info,14848
Multiple carriers,Delhi,Cochin,10h 30m,1 stop,No info,8266
Air India,Delhi,Cochin,26h,2 stops,No info,12392
Air India Express,Kolkata,Banglore,17h 5m,1 stop,No info,13044
Air India Express,Delhi,Cochin,21h 20m,1 stop,In-flight meal not included,12898
Air India Express,Delhi,Cochin,5h 35m,1 stop,No info,12242
IndiGo,Banglore,Delhi,2h 50m,non-stop,No info,3943
Vistara,Kolkata,Banglore,25h 50m,1 stop,No info,11105
Air India Express,Kolkata,Banglore,12h 10m,1 stop,No info,14388
Air India Express,Delhi,Cochin,17h 5m,2 stops,No info,13014
Multiple carriers,Delhi,Cochin,8h 30m,1 stop,No info,15411
Air India Express,Delhi,Cochin,23h 5m,1 stop,No info,16289
IndiGo,Delhi,Cochin,9h 20m,1 stop,No info,6442
Air India Express,Kolkata,Banglore,7h 55m,1 stop,In-flight meal not included,10844
Air India Express,Mumbai,Hyderabad,1h 30m,non-stop,No info,5678
IndiGo,Banglore,Delhi,2h 50m,non-stop,No info,6906
SpiceJet,Chennai,Kolkata,2h 15m,non-stop,No check-in baggage included,3543
Air India Express,Delhi,Cochin,10h,1 stop,No info,14714
Vistara Premium economy,Banglore,New Delhi,2h 35m,non-stop,No info,11793
Multiple carriers,Delhi,Cochin,7h 45m,1 stop,No info,14323
SpiceJet,Banglore,Delhi,2h 55m,non-stop,No info,3971
Vistara,Kolkata,Banglore,26h 20m,1 stop,No info,8452
Vistara,Banglore,Delhi,2h 40m,non-stop,No info,5403
Multiple carriers,Delhi,Cochin,11h,1 stop,No info,13727
Air India,Kolkata,Banglore,19h 25m,2 stops,No info,12639
Air India Express,Banglore,Delhi,2h 55m,non-stop,In-flight meal not included,5198
Vistara,Banglore,Delhi,2h 45m,non-stop,No info,4878
Air India Express,Delhi,Cochin,23h 15m,1 stop,In-flight meal not included,12373
Multiple carriers,Delhi,Cochin,9h,1 stop,In-flight meal not included,8552
Vistara,Delhi,Cochin,3h 10m,non-stop,No info,6741
Multiple carriers,Delhi,Cochin,6h 25m,1 stop,No info,6481
Multiple carriers,Delhi,Cochin,8h 40m,1 stop,No info,7354
Air India,Banglore,Delhi,2h 50m,non-stop,No info,5228
Air India Express,Kolkata,Banglore,12h 20m,1 stop,In-flight meal not included,10844
IndiGo,Delhi,Cochin,5h 20m,1 stop,No info,6347
Air India,Banglore,New Delhi,4h,1 stop,No info,5013
Air India Express,Kolkata,Banglore,9h 45m,1 stop,In-flight meal not included,9663
IndiGo,Banglore,Delhi,2h 55m,non-stop,No info,4823
Air India,Delhi,Cochin,26h 20m,2 stops,No info,13381
SpiceJet,Chennai,Kolkata,2h 15m,non-stop,No check-in baggage included,3543
Air India Express,Kolkata,Banglore,9h 45m,1 stop,In-flight meal not included,9663
Air India Express,Kolkata,Banglore,24h 55m,1 stop,In-flight meal not included,7064
Air India Express,Delhi,Cochin,11h 55m,1 stop,In-flight meal not included,10262
Air India,Delhi,Cochin,8h 20m,2 stops,No info,13013
Air India Express,Delhi,Cochin,17h 25m,2 stops,No info,15339
GoAir,Banglore,Delhi,2h 50m,non-stop,No info,4937
IndiGo,Delhi,Cochin,7h 5m,1 stop,No info,6818
Air India,Delhi,Cochin,21h 15m,2 stops,No info,10441
Air India Express,Delhi,Cochin,5h,1 stop,In-flight meal not included,5177
IndiGo,Chennai,Kolkata,2h 25m,non-stop,No info,3858
IndiGo,Kolkata,Banglore,5h 15m,1 stop,No info,6534
Multiple carriers,Delhi,Cochin,15h 10m,1 stop,No info,6795
Multiple carriers,Delhi,Cochin,11h 45m,1 stop,No info,9736
Air India Express,Banglore,Delhi,3h,non-stop,No info,7229
SpiceJet,Delhi,Cochin,4h 55m,1 stop,No info,4957
IndiGo,Banglore,New Delhi,2h 45m,non-stop,No info,7648
SpiceJet,Kolkata,Banglore,2h 30m,non-stop,No info,3873
Air India Express,Kolkata,Banglore,9h 45m,1 stop,No info,14388
IndiGo,Kolkata,Banglore,2h 40m,non-stop,No info,5618
Multiple carriers,Delhi,Cochin,6h 30m,1 stop,No info,7408
Air Asia,Delhi,Cochin,5h 30m,1 stop,No info,13774
Vistara,Banglore,Delhi,2h 40m,non-stop,No info,4668
Air India Express,Delhi,Cochin,34h 5m,2 stops,No info,13082
Air India,Delhi,Cochin,15h 25m,1 stop,No info,8669
IndiGo,Delhi,Cochin,9h 30m,1 stop,No info,6316
Air India Express,Delhi,Cochin,6h 5m,1 stop,In-flight meal not included,12583
Vistara,Banglore,New Delhi,2h 40m,non-stop,No info,7923
GoAir,Delhi,Cochin,5h 50m,1 stop,No info,7378
Vistara,Banglore,Delhi,2h 45m,non-stop,No info,4878
Air India Express,Kolkata,Banglore,27h 20m,1 stop,In-flight meal not included,10844
Air India Express,Banglore,Delhi,3h,non-stop,No info,7229
SpiceJet,Delhi,Cochin,5h 15m,1 stop,No info,6297
Air India Express,Kolkata,Banglore,16h,1 stop,In-flight meal not included,8529
Multiple carriers,Delhi,Cochin,7h,1 stop,No info,13727
SpiceJet,Kolkata,Banglore,8h 40m,1 stop,No info,6643
Multiple carriers,Delhi,Cochin,9h,1 stop,No info,10197
SpiceJet,Kolkata,Banglore,2h 20m,non-stop,No info,4911
IndiGo,Chennai,Kolkata,2h 20m,non-stop,No info,6482
Air India Express,Banglore,New Delhi,6h 20m,1 stop,No info,26890
IndiGo,Kolkata,Banglore,4h 25m,1 stop,No info,3717
IndiGo,Chennai,Kolkata,2h 20m,non-stop,No info,3597
Air India,Banglore,New Delhi,11h 5m,2 stops,No info,10846
Air India,Banglore,New Delhi,16h 55m,1 stop,No info,14069
Air India Express,Delhi,Cochin,13h 45m,1 stop,In-flight meal not included,5177
Air India,Delhi,Cochin,25h 45m,2 stops,No info,14641
IndiGo,Delhi,Cochin,13h 55m,1 stop,No info,6442
Air India,Delhi,Cochin,5h 15m,1 stop,No info,5704
Air India Express,Kolkata,Banglore,19h 15m,1 stop,In-flight meal not included,9663
Air India Express,Delhi,Cochin,7h 30m,1 stop,No info,14714
Air India Express,Delhi,Cochin,9h,1 stop,In-flight meal not included,5406
Vistara,Kolkata,Banglore,24h,1 stop,No info,8610
